{
    "input_folder": {
        "foreground_mean": {
            "Dice": 0.9952810489649679,
            "FN": 5890.792817679558,
            "FP": 7348.690607734807,
            "IoU": 0.9906106910691986,
            "TN": 9136255.538674032,
            "TP": 1399744.2845303868,
            "n_pred": 1407092.9751381215,
            "n_ref": 1405635.0773480663
        },
        "mean": {
            "1": {
                "Dice": 0.9952810489649679,
                "FN": 5890.792817679558,
                "FP": 7348.690607734807,
                "IoU": 0.9906106910691986,
                "TN": 9136255.538674032,
                "TP": 1399744.2845303868,
                "n_pred": 1407092.9751381215,
                "n_ref": 1405635.0773480663
            }
        }
    },
    "postprocessed": {
        "foreground_mean": {
            "Dice": 0.9952855127425251,
            "FN": 5890.8011049723755,
            "FP": 7338.063535911602,
            "IoU": 0.9906195061530192,
            "TN": 9136266.165745856,
            "TP": 1399744.276243094,
            "n_pred": 1407082.3397790056,
            "n_ref": 1405635.0773480663
        },
        "mean": {
            "1": {
                "Dice": 0.9952855127425251,
                "FN": 5890.8011049723755,
                "FP": 7338.063535911602,
                "IoU": 0.9906195061530192,
                "TN": 9136266.165745856,
                "TP": 1399744.276243094,
                "n_pred": 1407082.3397790056,
                "n_ref": 1405635.0773480663
            }
        }
    },
    "postprocessing_fns": [
        "remove_all_but_largest_component_from_segmentation"
    ],
    "postprocessing_kwargs": [
        {
            "labels_or_regions": [
                1
            ]
        }
    ]
}